[
     //Civ Uniques
	{
        "name": "~limit",
	    "gold": 2,
        "cost": -1,
        "uniques": ["Destroyed when the city is captured","Will not be displayed in Civilopedia","Unbuildable","Unsellable"],
    },
    {
	    "name": "Gulag",
	    "uniqueTo": "Soviet Union",
		"replaces": "Courthouse",
		"maintenance": 4,
		"hurryCostModifier": 50,
		"uniques": ["Remove extra unhappiness from annexed cities",
			"Can only be built [in annexed cities]","Will not be displayed in Civilopedia","Free [Great Engineer] appears","Unsellable","Destroyed when the city is captured"],
		"requiredTech": "Mathematics"
	},
	{
	    "name": "Free [Gulag]",
	    "uniqueTo": "Soviet Union",
		"maintenance": 0,
		"cost": 1,
		"uniques": ["Gain a free [Gulag] [in this city]","Can only be built [in capital]","Will not be displayed in Civilopedia","Free [Great Engineer] appears","Unsellable","Destroyed when the city is captured"],
		"requiredTech": "Industrialization"
	},
     //Wonders
	{
        "name": "Grand Maester’s Chapel",
        "maintenance": 2,
        "isWonder": true,
        "uniques": ["May buy [{Military} {Land}] units with [Faith] for [2] times their normal Production cost <starting from the [Industrial era]>","May buy [{Military} {Water}] units with [Faith] for [2] times their normal Production cost <starting from the [Industrial era]>","Hidden when religion is disabled"],
        "requiredTech": "Theology",
		"quote": "'The beauty of the Grand Chapel lies in its gold carvings and magnificent size, which makes God's faithful followers relax for a while' - The Books of Clausius"
	},
	//Civ Unique Buildings
	{
        "name": "Floating Market",
        "uniqueTo": "Malaysia",
        "replaces": "Market",
        "gold": 2,
        "percentStatBonus": {"gold": 25},
        "culture": 2,
        "specialistSlots": {"Merchant": 2},
        "hurryCostModifier": 25,
        "requiredTech": "Currency"
    },
	{
        "name": "Suguba",
        "replaces": "Market",
        "uniqueTo": "Mali",
        "percentStatBonus": {"gold": 25},
        "uniques": ["[+5]% [Gold] [in this city]"],
        "gold": 2,
        "specialistSlots": {"Merchant": 1},
        "hurryCostModifier": 25,
        "requiredTech": "Currency"
    },
	//Religious Buildings
	{
		"name": "Koan",
		"cost": 0,
		"faith": 3,
		"science": 2,
		"specialistSlots": {"Scientist": 1},
		"uniques": ["Unbuildable", "Hidden when religion is disabled"]
	},
	{
		"name": "Meshubah",
		"cost": 0,
		"faith": 2,
		"production": 2,
		"percentStatBonus": {"production": 5},
		"uniques": ["Unbuildable", "Hidden when religion is disabled"]
	},
    {
        "name": "The Great Tregtia",
        "cost": 0,
        "faith": 2,
        "uniques": ["Unbuildable","Destroyed when the city is captured","Hidden when religion is disabled","Provides [2] [Religious Objects]","Provides [2] [Cosmetics]","Provides [2] [Souvenir]","Limited to [1] per Civilization","Only available <in cities without a [Tregtia]>"],
    },
    {
        "name": "Tregtia",
        "cost": 0,
        "faith": 2,
        "gold": 3,
        "happiness": 1,
        "uniques": ["Unbuildable","Hidden when religion is disabled","Only available <in cities without a [The Great Tregtia]>"],
    },
    //Improvement
    {
		"name": "Stone Works",
		"happiness": 1,
		"production": 1,
		"requiredNearbyImprovedResources": ["Marble", "Stone", "Diamonds"],
		"maintenance": 1,
		"hurryCostModifier": 0,
		"uniques": ["Must not be on [Plains]",
			"[+1 Production] from [Stone] tiles [in this city]",
			"[+1 Production] from [Marble] tiles [in this city]",
		"requiredTech": "Calendar"
	},
	{
		"name": "Mausoleum of Halicarnassus",
		"culture": 1,
		"greatPersonPoints": {"Great Merchant": 1},
		"isWonder": true,
		"uniques": ["Provides a sum of gold each time you spend a Great Person",
			"[+2 Gold] from [Marble] tiles [in this city]", "[+2 Gold] from [Stone] tiles [in this city]"],
		"requiredTech": "Masonry",
		"quote": "'The whole earth is the tomb of heroic men and their story is not given only on stone over their clay but abides everywhere without visible symbol woven into the stuff of other men's lives.' - Pericles"
	},
	{
		"name": "Longhouse",
		"replaces": "Workshop",
		"uniqueTo": "Iroquois",
		"cost": 100,
		"maintenance": 2,
		"production": 2,
		"specialistSlots": {"Engineer": 1},
		"hurryCostModifier": 25,
		"uniques": ["[+1 Production] from [Forest] tiles [in this city]",
		"requiredTech": "Metal Casting"
	},
	{
		"name": "Granary",
		"food": 2,
		"maintenance": 1,
		"hurryCostModifier": 25,
		"uniques": ["[+1 Food] from [Deer] tiles [in this city]",
			"[+1 Food] from [Bananas] tiles [in this city]",
			"[+1 Food] from [Wheat] tiles [in this city]",
			"[+1 Food] from [Rice] tiles [in this city]"],
		"requiredTech": "Pottery"
	},
	{
		"name": "Dojo",
        "replaces": "Barracks",
		"uniqueTo": "Japan",
        "hurryCostModifier": 25,
        "maintenance": 1,
		"science": 2,
		"uniques": ["Destroyed when the city is captured","New [Military] units start with [15] Experience [in this city]","All newly-trained [Melee] units [in this city] receive the [Dojo] promotion"],
        "requiredTech": "Bronze Working"
    }
]
