[
	//City-states resources
	{
		"name": "Vanilla",
		"resourceType": "Luxury",
		"gold": 2,
		"uniques": ["Can only be created by Mercantile City-States"]
	},
	//Great Tregtia resources
	{
		"name": "Talismans", 
		"gold": 2,
		"resourceType": "Luxury",
	},
	{
		"name": "Trinkets", 
		"gold": 2,
		"resourceType": "Luxury",
	},
	{
		"name": "Curio", 
		"gold": 2,
		"resourceType": "Luxury"
	},
	//Tile resources
    //Luxury resources
	{
		"name": "Honey",
		"resourceType": "Luxury",
		"terrainsCanBeFoundOn": ["Forest","Jungle"],
		"gold": 1,
		"food": 1,
		"improvement": "Plantation"
	},
	{
		"name": "Bears",
		"resourceType": "Luxury",
		"terrainsCanBeFoundOn": ["Forest","Jungle","Snow","Tundra"],
		"gold": 1,
		"food": 1,
		"improvementStats": {"gold": 1},
		"improvement": "Camp"
	},
	{
		"name": "Tortoises",
		"resourceType": "Luxury",
		"terrainsCanBeFoundOn": ["Atoll"],
		"food": 1,
		"improvementStats": {"science": 1},
		"improvement": "Fishing Boats",
		"uniques": ["Generated on every [8] tiles <in [Atoll] tiles>"]
	},
	{
		"name": "Mercury",
		"resourceType": "Luxury",
		"terrainsCanBeFoundOn": ["Plains","Hill"],
		"production": 1,
	    "improvementStats": {"science": 1},
		"improvement": "Mine",
	},
	{
		"name": "Tea",
		"resourceType": "Luxury",
		"terrainsCanBeFoundOn": ["Grassland","Hill"],
		"gold": 1,
		"production": 1,
		"improvement": "Plantation",
	},
	//Bonus
   {
		"name": "Rice",
		"resourceType": "Bonus",
		"food": 1,
		"improvement": "Farm",
		"terrainsCanBeFoundOn": ["Grassland","Flood plains","Marsh","Plains"],
		"uniques": ["Generated on every [20] tiles <in [Featureless] [Grassland] tiles>",
"Generated on every [25] tiles <in [Featureless] [Plains] tiles>",
"Generated on every [10] tiles <in [Marsh] tiles>",
"Generated on every [15] tiles <in [Flood plains] tiles>"]
	},
	{
		"name": "Rattan",
		"resourceType": "Bonus",
		"terrainsCanBeFoundOn": ["Grassland","Plains","Marsh"],
		"production": 1,
		"improvement": "Lumber mill",
	}
]
