[
     //replaces
    {
		"name": "Heal Instantly",
		"uniques": ["Heal this unit by [50] HP", "Doing so will consume this opportunity to choose a Promotion"],
		"unitTypes": ["Sword","Gunpowder","Mounted","Scout","Siege","Archery","Ranged Gunpowder","Armored","Melee Water","Ranged Water","Submarine","Wizardry"]
	},
    //Unit Promotions
	{
		"name": "[Katipunero] ability",
		"uniques": ["[+1] Movement <in [Friendly Land] tiles>","[+25]% Strength <when attacking>"]
	},
	{
	"name": "[Macan Bodas] ability",
	"uniques": ["[+25]% Strength <when fighting in [Forest] tiles>",
			"[+25]% Strength <when fighting in [Jungle] tiles>",
			"Double movement in [Forest]",
			"Double movement in [Jungle]"]
	},
	{
	"name": "[Littorio] ability",
	"uniques": ["[+20]% Strength <vs [Ranged] units> <when defending>"]
	},
	{
		"name": "[Holy Swordsman] ability",
		"uniques": ["[+25]% Strength <when fighting in [Friendly Land] tiles>"]
		//Should be in cities that follow your religion
	},
	{
		"name": "Prophets of War",
		"uniques": ["[+15]% Strength bonus for [Military] units within [2] tiles"]
	},
    {
		"name": "Blitzkrieg",
		"uniques": ["[1] additional attacks per turn <in [Enemy Land] tiles>"]
	},
	{
		"name": "The Long Journey",
		"uniques": ["[+1] Sight","May enter foreign tiles without open borders"]
	},
	{
	    "name": "The Mountain Peoples",
        "uniques": ["Can pass through impassable tiles","[+10]% Strength <within [2] tiles of a [Mountain]>"]
	}
]
