[
	{
	    "name": "Tsar Bomba",
	    "uniqueTo": "Soviet Union",
		"replaces": "Atomic Bomb",
		"unitType": "Atomic Bomber",
		"movement": 1,
		"strength": 190,
		"rangedStrength": 190,
		"range": 13,
		"cost": 600,
		"requiredTech": "Nuclear Fission",
		"requiredResource": "Uranium",
		"promotions" : ["Evasion"],
		"uniques": ["Nuclear weapon of Strength [1]", "Only available <if [Manhattan Project] is constructed>", "Self-destructs when attacking",
			"Blast radius [2]"],
		"attackSound": "nuke"
		// Plane rather than a missile - can be based in city or Carrier only.
		// Can be intercepted, but must die for it not to take effect.
	},
	{
	    "name": "T-34",
	    "uniqueTo": "Soviet Union",
		"replaces": "Tank",
		"unitType": "Armored",
		"movement": 6,
		"strength": 75,
		"cost": 375,
		"requiredTech": "Combined Arms",
		"requiredResource": "Oil",
		"upgradesTo": "Modern Armor",
		"promotions": ["Amphibious"],
		"uniques": ["Can move after attacking","No defensive terrain bonus", "Never appears as a Barbarian unit"],
		"attackSound": "tankshot"
	},
	{
	    "name": "Tiger I",
		"uniqueTo": "Germany2",
		"replaces": "Tank",
		"unitType": "Armored",
		"movement": 6,
		"strength": 78,
		"cost": 375,
		"requiredTech": "Combined Arms",
		"requiredResource": "Oil",
		"upgradesTo": "Modern Armor",
		"uniques": ["Can move after attacking","No defensive terrain bonus","No movement cost to pillage"],
		"attackSound": "tankshot"
	},
	{
	    "name": "Littorio",
		"replaces": "Battleship",
		"uniqueTo": "Italy2",
		"unitType": "Ranged Water",
		"movement": 5,
		"strength": 55,
		"rangedStrength": 55,
		"range": 3,
		"cost": 415,
		"requiredResource": "Oil",
		"requiredTech": "Electronics",
		"promotions": ["Indirect Fire","Coastal Raider I","[Littorio] ability"],
		"attackSound": "shipguns"
	},
	//Improvement
	{
		"name": "Airship",
		"unitType": "Helicopter",
		"movement": 4,
		"strength": 15,
		"cost": 250,
		"upgradesTo": "Reconnaissance Plane",
		"obsoleteTech": "Radar",
		"requiredTech": "Scientific Theory",
		"uniques": ["[+2] Sight",
			"No defensive terrain bonus", "[+1] Sight <when [Embarked]>", "Never appears as a Barbarian unit"],
		"promotions": ["Ignore terrain cost"],
		"attackSound": "shot"
	},
	{
		"name": "Probe",
		"unitType": "Helicopter",
		"movement": 5,
		"strength": 25,
		"cost": 350,
		"requiredTech": "Radar",
		"uniques": ["[+3] Sight",
			"No defensive terrain bonus", "[+1] Sight <when [Embarked]>", "Never appears as a Barbarian unit"],
		"promotions": ["Ignore terrain cost"],
		"attackSound": "shot"
	}
]
